{
    "sections": {
        "eye_tracking": {
            "Her feet got hurt.": {
                "default": {
                    "correct": false,
                    "answered": true,
                    "time_taken": 30659
                }
            },
            "They cut the long weeds.": {
                "default": {
                    "correct": false,
                    "answered": true,
                    "time_taken": 50037
                }
            }
        },
        "tricky_words": {
            "be": {
                "default": {
                    "correct": true,
                    "answered": true,
                    "time_taken": 2242
                }
            },
            "he": {
                "default": {
                    "correct": true,
                    "answered": true,
                    "time_taken": 2805
                }
            },
            "me": {
                "default": {
                    "correct": false,
                    "answered": true,
                    "time_taken": 6527
                }
            },
            "my": {
                "default": {
                    "correct": true,
                    "answered": true,
                    "time_taken": 1827
                }
            },
            "we": {
                "default": {
                    "correct": true,
                    "answered": true,
                    "time_taken": 4471
                }
            },
            "all": {
                "default": {
                    "correct": false,
                    "answered": true,
                    "time_taken": 4139
                }
            },
            "are": {
                "default": {
                    "correct": false,
                    "answered": true,
                    "time_taken": 3869
                }
            },
            "she": {
                "default": {
                    "correct": true,
                    "answered": true,
                    "time_taken": 2579
                }
            },
            "was": {
                "default": {
                    "correct": true,
                    "answered": true,
                    "time_taken": 1852
                }
            },
            "you": {
                "default": {
                    "correct": true,
                    "answered": true,
                    "time_taken": 1378
                }
            },
            "live": {
                "default": {
                    "correct": true,
                    "answered": true,
                    "time_taken": 1562
                }
            },
            "they": {
                "default": {
                    "correct": true,
                    "answered": true,
                    "time_taken": 1759
                }
            },
            "what": {
                "default": {
                    "correct": false,
                    "answered": true,
                    "time_taken": 7833
                }
            }
        },
        "nonsense_words": {
            "joo": {
                "default": {
                    "correct": false,
                    "answered": true,
                    "time_taken": 10175
                }
            },
            "var": {
                "default": {
                    "correct": false,
                    "answered": true,
                    "time_taken": 3601
                }
            },
            "woat": {
                "default": {
                    "correct": false,
                    "answered": true,
                    "time_taken": 14205
                }
            },
            "zear": {
                "default": {
                    "correct": false,
                    "answered": true,
                    "time_taken": 11122
                }
            },
            "churk": {
                "default": {
                    "correct": false,
                    "answered": true,
                    "time_taken": 8727
                }
            },
            "shoin": {
                "default": {
                    "correct": false,
                    "answered": true,
                    "time_taken": 12034
                }
            }
        },
        "grapheme_recognition": {
            "j": {
                "default": {
                    "correct": true,
                    "answered": true,
                    "time_taken": 5536
                }
            },
            "v": {
                "default": {
                    "correct": true,
                    "answered": true,
                    "time_taken": 1424
                }
            },
            "w": {
                "default": {
                    "correct": true,
                    "answered": true,
                    "time_taken": 1121
                }
            },
            "x": {
                "default": {
                    "correct": true,
                    "answered": true,
                    "time_taken": 1142
                }
            },
            "y": {
                "default": {
                    "correct": true,
                    "answered": true,
                    "time_taken": 1152
                }
            },
            "z": {
                "default": {
                    "correct": true,
                    "answered": true,
                    "time_taken": 1032
                }
            },
            "ai": {
                "default": {
                    "correct": true,
                    "answered": true,
                    "time_taken": 1472
                }
            },
            "ar": {
                "default": {
                    "correct": true,
                    "answered": true,
                    "time_taken": 1282
                }
            },
            "ch": {
                "default": {
                    "correct": true,
                    "answered": true,
                    "time_taken": 1130
                }
            },
            "ee": {
                "default": {
                    "correct": true,
                    "answered": true,
                    "time_taken": 1642
                }
            },
            "er": {
                "default": {
                    "correct": true,
                    "answered": true,
                    "time_taken": 1682
                }
            },
            "ng": {
                "default": {
                    "correct": true,
                    "answered": true,
                    "time_taken": 1302
                }
            },
            "oa": {
                "default": {
                    "correct": true,
                    "answered": true,
                    "time_taken": 1467
                }
            },
            "oi": {
                "default": {
                    "correct": true,
                    "answered": true,
                    "time_taken": 1968
                }
            },
            "oo": {
                "default": {
                    "correct": true,
                    "answered": true,
                    "time_taken": 2778
                }
            },
            "or": {
                "default": {
                    "correct": true,
                    "answered": true,
                    "time_taken": 1682
                }
            },
            "ow": {
                "default": {
                    "correct": true,
                    "answered": true,
                    "time_taken": 1307
                }
            },
            "qu": {
                "default": {
                    "correct": true,
                    "answered": true,
                    "time_taken": 1928
                }
            },
            "sh": {
                "default": {
                    "correct": true,
                    "answered": true,
                    "time_taken": 1232
                }
            },
            "th": {
                "default": {
                    "correct": true,
                    "answered": true,
                    "time_taken": 1886
                }
            },
            "ur": {
                "default": {
                    "correct": true,
                    "answered": true,
                    "time_taken": 1897
                }
            },
            "air": {
                "default": {
                    "correct": true,
                    "answered": true,
                    "time_taken": 7825
                }
            },
            "ear": {
                "default": {
                    "correct": true,
                    "answered": true,
                    "time_taken": 4381
                }
            },
            "igh": {
                "default": {
                    "correct": true,
                    "answered": true,
                    "time_taken": 1173
                }
            }
        },
        "sounding_out_and_blending": {
            "jam": {
                "blending": {
                    "correct": true,
                    "answered": true,
                    "time_taken": 827
                },
                "sounding_out": {
                    "correct": true,
                    "answered": true,
                    "time_taken": 7638
                }
            },
            "chip": {
                "blending": {
                    "correct": true,
                    "answered": true,
                    "time_taken": 567
                },
                "sounding_out": {
                    "correct": true,
                    "answered": true,
                    "time_taken": 3042
                }
            },
            "coin": {
                "blending": {
                    "correct": true,
                    "answered": true,
                    "time_taken": 829
                },
                "sounding_out": {
                    "correct": true,
                    "answered": true,
                    "time_taken": 8165
                }
            },
            "feet": {
                "blending": {
                    "correct": true,
                    "answered": true,
                    "time_taken": 1158
                },
                "sounding_out": {
                    "correct": true,
                    "answered": true,
                    "time_taken": 7397
                }
            },
            "torn": {
                "blending": {
                    "correct": true,
                    "answered": true,
                    "time_taken": 762
                },
                "sounding_out": {
                    "correct": true,
                    "answered": true,
                    "time_taken": 7023
                }
            },
            "shark": {
                "blending": {
                    "correct": false,
                    "answered": true,
                    "time_taken": 4688
                },
                "sounding_out": {
                    "correct": false,
                    "answered": true,
                    "time_taken": 13106
                }
            }
        }
    },
    "completed": "2022-11-21T10:49:30.914566+00:00"
}