{"session_version": 1, "curriculum_track": "school", "curriculum_version": 1, "lesson_history_log": [{"score": 0, "timestamp": "2022-10-19T15:37:57.6238830+01:00", "minigame_id": "RabbitRun", "lesson_stamp": "0-0-1", "feedback_index": 2, "complexity_index": 0, "is_positive_review": true}, {"score": 0, "timestamp": "2022-10-19T15:42:30.1946800+01:00", "minigame_id": "CharacterPaintball", "lesson_stamp": "0-0-7", "feedback_index": 2, "complexity_index": 0, "is_positive_review": true}, {"score": 0, "timestamp": "2022-10-19T15:46:12.6302810+01:00", "minigame_id": "FunFighterMission", "lesson_stamp": "0-0-11", "feedback_index": 2, "complexity_index": 0, "is_positive_review": true}, {"score": 0, "timestamp": "2022-10-22T08:51:02.8713980+01:00", "minigame_id": "CharacterSearch", "lesson_stamp": "0-1-8", "feedback_index": 1, "complexity_index": 0, "is_positive_review": true}, {"score": 76, "timestamp": "2022-10-22T08:53:38.8781060+01:00", "minigame_id": "Eggi", "lesson_stamp": "0-1-10", "feedback_index": 2, "complexity_index": 0, "is_positive_review": true}, {"score": 0, "timestamp": "2022-10-25T14:56:04.6158450+01:00", "minigame_id": "CharacterPaintball", "lesson_stamp": "0-2-1", "feedback_index": 1, "complexity_index": 0, "is_positive_review": true}, {"score": 0, "timestamp": "2022-10-25T14:58:41.0898010+01:00", "minigame_id": "SoundSearch", "lesson_stamp": "0-2-2", "feedback_index": 1, "complexity_index": 0, "is_positive_review": true}, {"score": 0, "timestamp": "2022-10-25T15:02:03.5783760+01:00", "minigame_id": "MoleWhacker", "lesson_stamp": "0-2-6", "feedback_index": 1, "complexity_index": 0, "is_positive_review": false}, {"score": 0, "timestamp": "2022-10-28T08:58:16.7373040+01:00", "minigame_id": "CharacterSearch", "lesson_stamp": "0-3-1", "feedback_index": 2, "complexity_index": 0, "is_positive_review": true}, {"score": 0, "timestamp": "2022-10-28T09:00:45.1330270+01:00", "minigame_id": "RoomTidy", "lesson_stamp": "0-3-2", "feedback_index": 2, "complexity_index": 0, "is_positive_review": true}, {"score": 0, "timestamp": "2022-10-28T09:02:49.5921810+01:00", "minigame_id": "SoundPicker", "lesson_stamp": "0-3-3", "feedback_index": 2, "complexity_index": 0, "is_positive_review": true}, {"score": 0, "timestamp": "2022-10-28T09:05:01.2184820+01:00", "minigame_id": "FunFighterMission", "lesson_stamp": "0-3-5", "feedback_index": 1, "complexity_index": 0, "is_positive_review": true}, {"score": 0, "timestamp": "2022-10-30T18:07:14.0852550+00:00", "minigame_id": "CharacterPaintball", "lesson_stamp": "0-4-1", "feedback_index": 1, "complexity_index": 0, "is_positive_review": true}, {"score": 0, "timestamp": "2022-10-30T18:09:39.5062360+00:00", "minigame_id": "WordBuilder", "lesson_stamp": "0-4-2", "feedback_index": 1, "complexity_index": 0, "is_positive_review": true}, {"score": 0, "timestamp": "2022-10-30T18:11:19.2710590+00:00", "minigame_id": "SoundPicker", "lesson_stamp": "0-4-3", "feedback_index": 1, "complexity_index": 0, "is_positive_review": true}, {"score": 0, "timestamp": "2022-10-30T18:15:26.3592010+00:00", "minigame_id": "LetterPaintball", "lesson_stamp": "0-4-9", "feedback_index": 1, "complexity_index": 0, "is_positive_review": true}, {"score": 0, "timestamp": "2022-10-30T18:17:56.6178270+00:00", "minigame_id": "RabbitRun", "lesson_stamp": "0-4-11", "feedback_index": 2, "complexity_index": 0, "is_positive_review": true}, {"score": 0, "timestamp": "2022-11-02T08:28:51.1106030+00:00", "minigame_id": "SoundSearch", "lesson_stamp": "0-5-1", "feedback_index": 1, "complexity_index": 0, "is_positive_review": true}, {"score": 0, "timestamp": "2022-11-02T08:30:34.2723080+00:00", "minigame_id": "RoomTidy", "lesson_stamp": "0-5-2", "feedback_index": 1, "complexity_index": 0, "is_positive_review": true}, {"score": 0, "timestamp": "2022-11-02T08:32:10.8506370+00:00", "minigame_id": "WordBuilder", "lesson_stamp": "0-5-3", "feedback_index": 1, "complexity_index": 0, "is_positive_review": true}, {"score": 32, "timestamp": "2022-11-03T07:41:02.2591740+00:00", "minigame_id": "Eggi", "lesson_stamp": "0-5-10", "feedback_index": 1, "complexity_index": 0, "is_positive_review": false}, {"score": 0, "timestamp": "2022-11-03T07:43:07.6018070+00:00", "minigame_id": "CharacterSearch", "lesson_stamp": "0-6-6", "feedback_index": 1, "complexity_index": 0, "is_positive_review": false}, {"score": 0, "timestamp": "2022-11-03T07:45:06.9956740+00:00", "minigame_id": "CharacterPaintball", "lesson_stamp": "0-6-8", "feedback_index": 1, "complexity_index": 0, "is_positive_review": true}, {"score": 0, "timestamp": "2022-11-03T07:48:08.9860260+00:00", "minigame_id": "FingerDance", "lesson_stamp": "0-6-10", "feedback_index": 1, "complexity_index": 0, "is_positive_review": true}, {"score": 0, "timestamp": "2022-11-04T07:10:39.3127190+00:00", "minigame_id": "CharacterFingerDance", "lesson_stamp": "0-7-1", "feedback_index": 1, "complexity_index": 0, "is_positive_review": true}, {"score": 0, "timestamp": "2022-11-04T07:12:34.1351240+00:00", "minigame_id": "CharacterSearch", "lesson_stamp": "0-7-2", "feedback_index": 1, "complexity_index": 0, "is_positive_review": true}, {"score": 0, "timestamp": "2022-11-04T07:16:33.3414300+00:00", "minigame_id": "MoleWhacker", "lesson_stamp": "0-7-5", "feedback_index": 2, "complexity_index": 0, "is_positive_review": false}, {"score": 0, "timestamp": "2022-11-08T07:27:02.5124650+00:00", "minigame_id": "SoundSearch", "lesson_stamp": "0-8-1", "feedback_index": 1, "complexity_index": 0, "is_positive_review": true}, {"score": 0, "timestamp": "2022-11-08T07:28:51.5412650+00:00", "minigame_id": "SoundPicker", "lesson_stamp": "0-8-2", "feedback_index": 1, "complexity_index": 0, "is_positive_review": true}, {"score": 0, "timestamp": "2022-11-08T07:31:05.6970370+00:00", "minigame_id": "WordPicker", "lesson_stamp": "0-8-3", "feedback_index": 1, "complexity_index": 0, "is_positive_review": true}, {"score": 0, "timestamp": "2022-11-08T07:34:57.3532860+00:00", "minigame_id": "Fishing", "lesson_stamp": "0-8-5", "feedback_index": 1, "complexity_index": 0, "is_positive_review": true}, {"score": 0, "timestamp": "2022-11-09T08:27:47.1582340+00:00", "minigame_id": "PicturePicker", "lesson_stamp": "0-9-1", "feedback_index": 1, "complexity_index": 0, "is_positive_review": true}, {"score": 0, "timestamp": "2022-11-09T08:31:31.8504840+00:00", "minigame_id": "LetterFishing", "lesson_stamp": "0-9-2", "feedback_index": 1, "complexity_index": 0, "is_positive_review": true}, {"score": 0, "timestamp": "2022-11-09T08:34:35.0098080+00:00", "minigame_id": "WordPaintball", "lesson_stamp": "0-9-3", "feedback_index": 1, "complexity_index": 0, "is_positive_review": true}, {"score": 0, "timestamp": "2022-11-10T08:32:11.9564830+00:00", "minigame_id": "LetterFingerDance", "lesson_stamp": "0-9-9", "feedback_index": 1, "complexity_index": 0, "is_positive_review": true}, {"score": 0, "timestamp": "2022-11-10T08:35:05.5974830+00:00", "minigame_id": "FunPinball", "lesson_stamp": "0-9-11", "feedback_index": 1, "complexity_index": 0, "is_positive_review": true}, {"score": 0, "timestamp": "2022-11-14T15:36:33.4567610+00:00", "minigame_id": "WordSnap", "lesson_stamp": "0-10-1", "feedback_index": 1, "complexity_index": 0, "is_positive_review": true}, {"score": 0, "timestamp": "2022-11-14T15:38:43.7507310+00:00", "minigame_id": "WordPicker", "lesson_stamp": "0-10-2", "feedback_index": 1, "complexity_index": 0, "is_positive_review": true}, {"score": 0, "timestamp": "2022-11-14T15:40:58.0105600+00:00", "minigame_id": "FighterMission", "lesson_stamp": "0-10-3", "feedback_index": 1, "complexity_index": 0, "is_positive_review": true}, {"score": 0, "timestamp": "2022-11-15T16:25:41.5879980+00:00", "minigame_id": "RabbitRun", "lesson_stamp": "0-10-9", "feedback_index": 1, "complexity_index": 0, "is_positive_review": true}, {"score": 0, "timestamp": "2022-11-24T08:24:57.6459200+00:00", "minigame_id": "CharacterFingerDance", "lesson_stamp": "0-11-7", "feedback_index": 1, "complexity_index": 0, "is_positive_review": true}, {"score": 0, "timestamp": "2022-11-24T08:27:00.9245680+00:00", "minigame_id": "FunFighterMission", "lesson_stamp": "0-11-9", "feedback_index": 1, "complexity_index": 0, "is_positive_review": true}], "level_session_directory": {"0": {"best_score": 76, "best_dtt_rating": 0, "best_fast_correct_reading_rating": 1}}, "minigame_session_directory": {"Eggi": {"complexity_sessions": [{"best_score": 76, "gaming_adaptiveness": 0, "gaming_adaptiveness_up_step": 0}], "introduced_in_level": 0, "literacy_adaptiveness": null}, "Fishing": {"complexity_sessions": [{"best_score": 0, "gaming_adaptiveness": 0.400000005960464, "gaming_adaptiveness_up_step": 0.0799999982118607}], "introduced_in_level": 0, "literacy_adaptiveness": null}, "RoomTidy": {"complexity_sessions": [{"best_score": 0, "gaming_adaptiveness": 0, "gaming_adaptiveness_up_step": 0.0400000028312206}], "introduced_in_level": 0, "literacy_adaptiveness": null}, "WordSnap": {"complexity_sessions": [{"best_score": 0, "gaming_adaptiveness": 0, "gaming_adaptiveness_up_step": 0}], "introduced_in_level": 0, "literacy_adaptiveness": null}, "RabbitRun": {"complexity_sessions": [{"best_score": 0, "gaming_adaptiveness": 0.081600084900856, "gaming_adaptiveness_up_step": 0.0128000006079674}], "introduced_in_level": 0, "literacy_adaptiveness": null}, "FunPinball": {"complexity_sessions": [{"best_score": 0, "gaming_adaptiveness": 0, "gaming_adaptiveness_up_step": 0.0199999995529652}], "introduced_in_level": 0, "literacy_adaptiveness": null}, "WordPicker": {"complexity_sessions": [{"best_score": 0, "gaming_adaptiveness": 0, "gaming_adaptiveness_up_step": 0}], "introduced_in_level": 0, "literacy_adaptiveness": null}, "FingerDance": {"complexity_sessions": [{"best_score": 0, "gaming_adaptiveness": 0.100000001490116, "gaming_adaptiveness_up_step": 0.100000001490116}], "introduced_in_level": 0, "literacy_adaptiveness": null}, "MoleWhacker": {"complexity_sessions": [{"best_score": 0, "gaming_adaptiveness": 0.300000011920929, "gaming_adaptiveness_up_step": 0.0400000028312206}], "introduced_in_level": 0, "literacy_adaptiveness": null}, "SoundPicker": {"complexity_sessions": [{"best_score": 0, "gaming_adaptiveness": 0, "gaming_adaptiveness_up_step": 0}], "introduced_in_level": 0, "literacy_adaptiveness": null}, "SoundSearch": {"complexity_sessions": [{"best_score": 0, "gaming_adaptiveness": 0.358500123023987, "gaming_adaptiveness_up_step": 0.0500000007450581}], "introduced_in_level": 0, "literacy_adaptiveness": null}, "WordBuilder": {"complexity_sessions": [{"best_score": 0, "gaming_adaptiveness": 0.71399998664856, "gaming_adaptiveness_up_step": 0.0700000002980232}], "introduced_in_level": 0, "literacy_adaptiveness": null}, "LetterFishing": {"complexity_sessions": [{"best_score": 0, "gaming_adaptiveness": 0.5, "gaming_adaptiveness_up_step": 0.0799999982118607}], "introduced_in_level": 0, "literacy_adaptiveness": null}, "PicturePicker": {"complexity_sessions": [{"best_score": 0, "gaming_adaptiveness": 0, "gaming_adaptiveness_up_step": 0}], "introduced_in_level": 0, "literacy_adaptiveness": null}, "WordPaintball": {"complexity_sessions": [{"best_score": 0, "gaming_adaptiveness": 0.350000143051147, "gaming_adaptiveness_up_step": 0.0500000007450581}], "introduced_in_level": 0, "literacy_adaptiveness": null}, "FighterMission": {"complexity_sessions": [{"best_score": 0, "gaming_adaptiveness": 1, "gaming_adaptiveness_up_step": 0.100000001490116}], "introduced_in_level": 0, "literacy_adaptiveness": null}, "CharacterSearch": {"complexity_sessions": [{"best_score": 0, "gaming_adaptiveness": 0.300000071525574, "gaming_adaptiveness_up_step": 0.0500000007450581}], "introduced_in_level": 0, "literacy_adaptiveness": null}, "LetterPaintball": {"complexity_sessions": [{"best_score": 0, "gaming_adaptiveness": 0.350000023841858, "gaming_adaptiveness_up_step": 0.0500000007450581}], "introduced_in_level": 0, "literacy_adaptiveness": null}, "FunFighterMission": {"complexity_sessions": [{"best_score": 0, "gaming_adaptiveness": 0.85999995470047, "gaming_adaptiveness_up_step": 0.0800000056624413}], "introduced_in_level": 0, "literacy_adaptiveness": null}, "LetterFingerDance": {"complexity_sessions": [{"best_score": 0, "gaming_adaptiveness": 0.800000071525574, "gaming_adaptiveness_up_step": 0.100000001490116}], "introduced_in_level": 0, "literacy_adaptiveness": null}, "CharacterPaintball": {"complexity_sessions": [{"best_score": 0, "gaming_adaptiveness": 1, "gaming_adaptiveness_up_step": 0.0400000028312206}], "introduced_in_level": 0, "literacy_adaptiveness": null}, "CharacterFingerDance": {"complexity_sessions": [{"best_score": 0, "gaming_adaptiveness": 0.480000078678131, "gaming_adaptiveness_up_step": 0.100000001490116}], "introduced_in_level": 0, "literacy_adaptiveness": null}}, "current_lesson_start_timestamp": "2022-11-24T08:21:29.2455300+00:00", "last_completed_lesson_activity": "0-11-11", "randomized_lesson_matrix_directory": {}, "last_completed_lesson_activity_timestamp": "2022-11-24T08:27:20.1187080+00:00"}