{
    "sections": {
        "eye_tracking": {
            "Her feet got hurt.": {
                "default": {
                    "correct": true,
                    "answered": true,
                    "time_taken": 3974
                }
            },
            "They cut the long weeds.": {
                "default": {
                    "correct": true,
                    "answered": true,
                    "time_taken": 4038
                }
            }
        },
        "tricky_words": {
            "be": {
                "default": {
                    "correct": true,
                    "answered": true,
                    "time_taken": 1228
                }
            },
            "he": {
                "default": {
                    "correct": true,
                    "answered": true,
                    "time_taken": 1112
                }
            },
            "me": {
                "default": {
                    "correct": true,
                    "answered": true,
                    "time_taken": 873
                }
            },
            "my": {
                "default": {
                    "correct": true,
                    "answered": true,
                    "time_taken": 873
                }
            },
            "we": {
                "default": {
                    "correct": true,
                    "answered": true,
                    "time_taken": 1317
                }
            },
            "all": {
                "default": {
                    "correct": true,
                    "answered": true,
                    "time_taken": 1187
                }
            },
            "are": {
                "default": {
                    "correct": true,
                    "answered": true,
                    "time_taken": 1287
                }
            },
            "she": {
                "default": {
                    "correct": true,
                    "answered": true,
                    "time_taken": 848
                }
            },
            "was": {
                "default": {
                    "correct": true,
                    "answered": true,
                    "time_taken": 1008
                }
            },
            "you": {
                "default": {
                    "correct": true,
                    "answered": true,
                    "time_taken": 902
                }
            },
            "live": {
                "default": {
                    "correct": true,
                    "answered": true,
                    "time_taken": 858
                }
            },
            "they": {
                "default": {
                    "correct": true,
                    "answered": true,
                    "time_taken": 1154
                }
            },
            "what": {
                "default": {
                    "correct": true,
                    "answered": true,
                    "time_taken": 1389
                }
            }
        },
        "nonsense_words": {
            "joo": {
                "default": {
                    "correct": true,
                    "answered": true,
                    "time_taken": 1528
                }
            },
            "var": {
                "default": {
                    "correct": true,
                    "answered": true,
                    "time_taken": 1331
                }
            },
            "woat": {
                "default": {
                    "correct": true,
                    "answered": true,
                    "time_taken": 1352
                }
            },
            "zear": {
                "default": {
                    "correct": true,
                    "answered": true,
                    "time_taken": 1392
                }
            },
            "churk": {
                "default": {
                    "correct": true,
                    "answered": true,
                    "time_taken": 2085
                }
            },
            "shoin": {
                "default": {
                    "correct": true,
                    "answered": true,
                    "time_taken": 2476
                }
            }
        },
        "grapheme_recognition": {
            "j": {
                "default": {
                    "correct": true,
                    "answered": true,
                    "time_taken": 2519
                }
            },
            "v": {
                "default": {
                    "correct": true,
                    "answered": true,
                    "time_taken": 937
                }
            },
            "w": {
                "default": {
                    "correct": true,
                    "answered": true,
                    "time_taken": 993
                }
            },
            "x": {
                "default": {
                    "correct": true,
                    "answered": true,
                    "time_taken": 1217
                }
            },
            "y": {
                "default": {
                    "correct": true,
                    "answered": true,
                    "time_taken": 899
                }
            },
            "z": {
                "default": {
                    "correct": true,
                    "answered": true,
                    "time_taken": 887
                }
            },
            "ai": {
                "default": {
                    "correct": true,
                    "answered": true,
                    "time_taken": 927
                }
            },
            "ar": {
                "default": {
                    "correct": true,
                    "answered": true,
                    "time_taken": 887
                }
            },
            "ch": {
                "default": {
                    "correct": true,
                    "answered": true,
                    "time_taken": 833
                }
            },
            "ee": {
                "default": {
                    "correct": true,
                    "answered": true,
                    "time_taken": 993
                }
            },
            "er": {
                "default": {
                    "correct": true,
                    "answered": true,
                    "time_taken": 1256
                }
            },
            "ng": {
                "default": {
                    "correct": true,
                    "answered": true,
                    "time_taken": 1022
                }
            },
            "oa": {
                "default": {
                    "correct": true,
                    "answered": true,
                    "time_taken": 968
                }
            },
            "oi": {
                "default": {
                    "correct": true,
                    "answered": true,
                    "time_taken": 921
                }
            },
            "oo": {
                "default": {
                    "correct": true,
                    "answered": true,
                    "time_taken": 1092
                }
            },
            "or": {
                "default": {
                    "correct": true,
                    "answered": true,
                    "time_taken": 1333
                }
            },
            "ow": {
                "default": {
                    "correct": true,
                    "answered": true,
                    "time_taken": 1005
                }
            },
            "qu": {
                "default": {
                    "correct": true,
                    "answered": true,
                    "time_taken": 1008
                }
            },
            "sh": {
                "default": {
                    "correct": true,
                    "answered": true,
                    "time_taken": 1042
                }
            },
            "th": {
                "default": {
                    "correct": true,
                    "answered": true,
                    "time_taken": 1123
                }
            },
            "ur": {
                "default": {
                    "correct": true,
                    "answered": true,
                    "time_taken": 1307
                }
            },
            "air": {
                "default": {
                    "correct": true,
                    "answered": true,
                    "time_taken": 933
                }
            },
            "ear": {
                "default": {
                    "correct": true,
                    "answered": true,
                    "time_taken": 948
                }
            },
            "igh": {
                "default": {
                    "correct": true,
                    "answered": true,
                    "time_taken": 889
                }
            }
        },
        "sounding_out_and_blending": {
            "jam": {
                "blending": {
                    "correct": true,
                    "answered": true,
                    "time_taken": 661
                },
                "sounding_out": {
                    "correct": true,
                    "answered": true,
                    "time_taken": 2397
                }
            },
            "chip": {
                "blending": {
                    "correct": true,
                    "answered": true,
                    "time_taken": 378
                },
                "sounding_out": {
                    "correct": true,
                    "answered": true,
                    "time_taken": 4039
                }
            },
            "coin": {
                "blending": {
                    "correct": true,
                    "answered": true,
                    "time_taken": 213
                },
                "sounding_out": {
                    "correct": true,
                    "answered": true,
                    "time_taken": 3968
                }
            },
            "feet": {
                "blending": {
                    "correct": true,
                    "answered": true,
                    "time_taken": 448
                },
                "sounding_out": {
                    "correct": true,
                    "answered": true,
                    "time_taken": 2743
                }
            },
            "torn": {
                "blending": {
                    "correct": true,
                    "answered": true,
                    "time_taken": 408
                },
                "sounding_out": {
                    "correct": true,
                    "answered": true,
                    "time_taken": 3006
                }
            },
            "shark": {
                "blending": {
                    "correct": true,
                    "answered": true,
                    "time_taken": 304
                },
                "sounding_out": {
                    "correct": true,
                    "answered": true,
                    "time_taken": 3365
                }
            }
        }
    },
    "completed": "2022-11-21T09:11:55.302164+00:00"
}