{"session_version": 1, "curriculum_track": "school", "curriculum_version": 1, "lesson_history_log": [{"score": 0, "timestamp": "2022-10-20T17:17:41.5255250+01:00", "minigame_id": "RabbitRun", "lesson_stamp": "0-0-1", "feedback_index": 1, "complexity_index": 0, "is_positive_review": true}, {"score": 0, "timestamp": "2022-10-20T17:21:51.6763560+01:00", "minigame_id": "CharacterPaintball", "lesson_stamp": "0-0-7", "feedback_index": 1, "complexity_index": 0, "is_positive_review": true}, {"score": 0, "timestamp": "2022-10-20T17:25:32.3059350+01:00", "minigame_id": "FunFighterMission", "lesson_stamp": "0-0-11", "feedback_index": 1, "complexity_index": 0, "is_positive_review": true}, {"score": 0, "timestamp": "2022-10-21T07:53:07.9458420+01:00", "minigame_id": "CharacterSearch", "lesson_stamp": "0-1-8", "feedback_index": 1, "complexity_index": 0, "is_positive_review": true}, {"score": 72, "timestamp": "2022-10-21T07:55:53.7125740+01:00", "minigame_id": "Eggi", "lesson_stamp": "0-1-10", "feedback_index": 1, "complexity_index": 0, "is_positive_review": true}, {"score": 0, "timestamp": "2022-10-22T08:55:07.1539170+01:00", "minigame_id": "CharacterPaintball", "lesson_stamp": "0-2-1", "feedback_index": 1, "complexity_index": 0, "is_positive_review": true}, {"score": 0, "timestamp": "2022-10-22T08:57:38.9444880+01:00", "minigame_id": "SoundSearch", "lesson_stamp": "0-2-2", "feedback_index": 1, "complexity_index": 0, "is_positive_review": true}, {"score": 0, "timestamp": "2022-10-22T09:01:09.7403650+01:00", "minigame_id": "MoleWhacker", "lesson_stamp": "0-2-6", "feedback_index": 1, "complexity_index": 0, "is_positive_review": true}, {"score": 0, "timestamp": "2022-10-23T11:26:56.9135310+01:00", "minigame_id": "CharacterSearch", "lesson_stamp": "0-3-1", "feedback_index": 1, "complexity_index": 0, "is_positive_review": true}, {"score": 0, "timestamp": "2022-10-23T11:29:19.7450020+01:00", "minigame_id": "RoomTidy", "lesson_stamp": "0-3-2", "feedback_index": 1, "complexity_index": 0, "is_positive_review": true}, {"score": 0, "timestamp": "2022-10-23T11:31:02.6589240+01:00", "minigame_id": "SoundPicker", "lesson_stamp": "0-3-3", "feedback_index": 1, "complexity_index": 0, "is_positive_review": true}, {"score": 0, "timestamp": "2022-10-23T11:32:55.6942930+01:00", "minigame_id": "FunFighterMission", "lesson_stamp": "0-3-5", "feedback_index": 1, "complexity_index": 0, "is_positive_review": true}, {"score": 0, "timestamp": "2022-10-28T13:41:56.1244150+01:00", "minigame_id": "CharacterPaintball", "lesson_stamp": "0-4-1", "feedback_index": 1, "complexity_index": 0, "is_positive_review": true}, {"score": 0, "timestamp": "2022-10-28T13:44:10.5623880+01:00", "minigame_id": "WordBuilder", "lesson_stamp": "0-4-2", "feedback_index": 1, "complexity_index": 0, "is_positive_review": true}, {"score": 0, "timestamp": "2022-10-28T15:53:48.5844650+01:00", "minigame_id": "SoundPicker", "lesson_stamp": "0-4-3", "feedback_index": 1, "complexity_index": 0, "is_positive_review": true}, {"score": 0, "timestamp": "2022-10-28T15:57:19.7420400+01:00", "minigame_id": "LetterPaintball", "lesson_stamp": "0-4-9", "feedback_index": 1, "complexity_index": 0, "is_positive_review": true}, {"score": 0, "timestamp": "2022-10-28T15:59:16.6848310+01:00", "minigame_id": "RabbitRun", "lesson_stamp": "0-4-11", "feedback_index": 1, "complexity_index": 0, "is_positive_review": true}, {"score": 0, "timestamp": "2022-10-29T09:09:53.9863680+01:00", "minigame_id": "SoundSearch", "lesson_stamp": "0-5-1", "feedback_index": 1, "complexity_index": 0, "is_positive_review": true}, {"score": 0, "timestamp": "2022-10-29T09:11:56.9885720+01:00", "minigame_id": "RoomTidy", "lesson_stamp": "0-5-2", "feedback_index": 0, "complexity_index": 0, "is_positive_review": true}, {"score": 0, "timestamp": "2022-10-29T09:13:37.0668960+01:00", "minigame_id": "WordBuilder", "lesson_stamp": "0-5-3", "feedback_index": 0, "complexity_index": 0, "is_positive_review": true}, {"score": 68, "timestamp": "2022-10-29T09:16:18.3499840+01:00", "minigame_id": "Eggi", "lesson_stamp": "0-5-10", "feedback_index": 1, "complexity_index": 0, "is_positive_review": true}, {"score": 0, "timestamp": "2022-10-30T13:38:37.8654450+00:00", "minigame_id": "CharacterSearch", "lesson_stamp": "0-6-6", "feedback_index": 0, "complexity_index": 0, "is_positive_review": false}, {"score": 0, "timestamp": "2022-10-30T13:40:47.2548430+00:00", "minigame_id": "CharacterPaintball", "lesson_stamp": "0-6-8", "feedback_index": 1, "complexity_index": 0, "is_positive_review": true}, {"score": 0, "timestamp": "2022-10-30T13:43:29.1200530+00:00", "minigame_id": "FingerDance", "lesson_stamp": "0-6-10", "feedback_index": 1, "complexity_index": 0, "is_positive_review": true}, {"score": 0, "timestamp": "2022-10-31T10:46:39.7335290+00:00", "minigame_id": "CharacterFingerDance", "lesson_stamp": "0-7-1", "feedback_index": 1, "complexity_index": 0, "is_positive_review": true}, {"score": 0, "timestamp": "2022-10-31T10:48:38.8730230+00:00", "minigame_id": "CharacterSearch", "lesson_stamp": "0-7-2", "feedback_index": 0, "complexity_index": 0, "is_positive_review": true}, {"score": 0, "timestamp": "2022-10-31T10:52:33.6020480+00:00", "minigame_id": "MoleWhacker", "lesson_stamp": "0-7-5", "feedback_index": 1, "complexity_index": 0, "is_positive_review": true}, {"score": 0, "timestamp": "2022-11-02T17:36:35.0861980+00:00", "minigame_id": "SoundSearch", "lesson_stamp": "0-8-1", "feedback_index": 1, "complexity_index": 0, "is_positive_review": true}, {"score": 0, "timestamp": "2022-11-02T17:38:18.0437150+00:00", "minigame_id": "SoundPicker", "lesson_stamp": "0-8-2", "feedback_index": 1, "complexity_index": 0, "is_positive_review": true}, {"score": 0, "timestamp": "2022-11-02T17:40:34.4332740+00:00", "minigame_id": "WordPicker", "lesson_stamp": "0-8-3", "feedback_index": 1, "complexity_index": 0, "is_positive_review": true}, {"score": 0, "timestamp": "2022-11-02T17:44:02.7421270+00:00", "minigame_id": "Fishing", "lesson_stamp": "0-8-5", "feedback_index": 1, "complexity_index": 0, "is_positive_review": true}, {"score": 0, "timestamp": "2022-11-03T17:27:59.6575320+00:00", "minigame_id": "PicturePicker", "lesson_stamp": "0-9-1", "feedback_index": 1, "complexity_index": 0, "is_positive_review": true}, {"score": 0, "timestamp": "2022-11-03T17:30:45.6490820+00:00", "minigame_id": "LetterFishing", "lesson_stamp": "0-9-2", "feedback_index": 1, "complexity_index": 0, "is_positive_review": true}, {"score": 0, "timestamp": "2022-11-03T17:33:35.0366820+00:00", "minigame_id": "WordPaintball", "lesson_stamp": "0-9-3", "feedback_index": 1, "complexity_index": 0, "is_positive_review": true}, {"score": 0, "timestamp": "2022-11-03T17:37:27.4033130+00:00", "minigame_id": "LetterFingerDance", "lesson_stamp": "0-9-9", "feedback_index": 1, "complexity_index": 0, "is_positive_review": true}, {"score": 0, "timestamp": "2022-11-03T17:39:23.5577240+00:00", "minigame_id": "FunPinball", "lesson_stamp": "0-9-11", "feedback_index": 1, "complexity_index": 0, "is_positive_review": true}, {"score": 0, "timestamp": "2022-11-04T18:07:55.4096480+00:00", "minigame_id": "WordSnap", "lesson_stamp": "0-10-1", "feedback_index": 1, "complexity_index": 0, "is_positive_review": true}, {"score": 0, "timestamp": "2022-11-04T18:10:14.9043070+00:00", "minigame_id": "WordPicker", "lesson_stamp": "0-10-2", "feedback_index": 0, "complexity_index": 0, "is_positive_review": true}, {"score": 0, "timestamp": "2022-11-04T18:12:29.4919580+00:00", "minigame_id": "FighterMission", "lesson_stamp": "0-10-3", "feedback_index": 1, "complexity_index": 0, "is_positive_review": true}, {"score": 0, "timestamp": "2022-11-04T18:15:18.0500370+00:00", "minigame_id": "RabbitRun", "lesson_stamp": "0-10-9", "feedback_index": 1, "complexity_index": 0, "is_positive_review": true}, {"score": 0, "timestamp": "2022-11-05T11:56:52.9904740+00:00", "minigame_id": "CharacterFingerDance", "lesson_stamp": "0-11-7", "feedback_index": 1, "complexity_index": 0, "is_positive_review": true}, {"score": 0, "timestamp": "2022-11-05T11:59:09.9695800+00:00", "minigame_id": "FunFighterMission", "lesson_stamp": "0-11-9", "feedback_index": 0, "complexity_index": 0, "is_positive_review": true}, {"score": 0, "timestamp": "2022-11-07T15:42:09.2373040+00:00", "minigame_id": "CharacterSearch", "lesson_stamp": "0-12-1", "feedback_index": 0, "complexity_index": 0, "is_positive_review": true}, {"score": 0, "timestamp": "2022-11-07T15:44:02.7763590+00:00", "minigame_id": "SoundPicker", "lesson_stamp": "0-12-2", "feedback_index": 2, "complexity_index": 0, "is_positive_review": true}, {"score": 0, "timestamp": "2022-11-07T15:47:23.4136200+00:00", "minigame_id": "Fishing", "lesson_stamp": "0-12-6", "feedback_index": 0, "complexity_index": 0, "is_positive_review": true}, {"score": 0, "timestamp": "2022-11-09T07:00:49.0538630+00:00", "minigame_id": "RoomTidy", "lesson_stamp": "0-13-1", "feedback_index": 1, "complexity_index": 0, "is_positive_review": true}, {"score": 0, "timestamp": "2022-11-09T07:02:36.0051510+00:00", "minigame_id": "SoundSearch", "lesson_stamp": "0-13-2", "feedback_index": 0, "complexity_index": 0, "is_positive_review": true}, {"score": 0, "timestamp": "2022-11-09T07:04:45.4217700+00:00", "minigame_id": "WordPicker", "lesson_stamp": "0-13-3", "feedback_index": 1, "complexity_index": 0, "is_positive_review": true}, {"score": 0, "timestamp": "2022-11-09T07:06:35.9969960+00:00", "minigame_id": "RabbitRun", "lesson_stamp": "0-13-5", "feedback_index": 0, "complexity_index": 0, "is_positive_review": true}, {"score": 0, "timestamp": "2022-11-10T17:42:26.9965470+00:00", "minigame_id": "RoomTidy", "lesson_stamp": "0-13-1", "feedback_index": 0, "complexity_index": 0, "is_positive_review": true}, {"score": 0, "timestamp": "2022-11-10T17:44:10.5811660+00:00", "minigame_id": "SoundSearch", "lesson_stamp": "0-13-2", "feedback_index": 2, "complexity_index": 0, "is_positive_review": true}, {"score": 0, "timestamp": "2022-11-10T17:46:24.8505400+00:00", "minigame_id": "WordPicker", "lesson_stamp": "0-13-3", "feedback_index": 0, "complexity_index": 0, "is_positive_review": true}, {"score": 0, "timestamp": "2022-11-10T17:48:15.8994670+00:00", "minigame_id": "RabbitRun", "lesson_stamp": "0-13-5", "feedback_index": 0, "complexity_index": 0, "is_positive_review": true}, {"score": 0, "timestamp": "2022-11-11T19:06:26.2966910+00:00", "minigame_id": "PicturePicker", "lesson_stamp": "0-14-1", "feedback_index": 0, "complexity_index": 0, "is_positive_review": true}, {"score": 0, "timestamp": "2022-11-11T19:10:33.5680070+00:00", "minigame_id": "LetterQuest", "lesson_stamp": "0-14-2", "feedback_index": 1, "complexity_index": 0, "is_positive_review": true}, {"score": 0, "timestamp": "2022-11-11T19:13:00.1158310+00:00", "minigame_id": "WordPaintball", "lesson_stamp": "0-14-3", "feedback_index": 0, "complexity_index": 0, "is_positive_review": true}, {"score": 0, "timestamp": "2022-11-11T19:15:37.1921930+00:00", "minigame_id": "LetterPaintball", "lesson_stamp": "0-14-8", "feedback_index": 0, "complexity_index": 0, "is_positive_review": true}, {"score": 0, "timestamp": "2022-11-11T19:18:22.4297420+00:00", "minigame_id": "FunSkeetShoot", "lesson_stamp": "0-14-10", "feedback_index": 0, "complexity_index": 0, "is_positive_review": true}, {"score": 0, "timestamp": "2022-11-12T18:41:55.5386060+00:00", "minigame_id": "WordSnap", "lesson_stamp": "0-15-1", "feedback_index": 0, "complexity_index": 0, "is_positive_review": true}, {"score": 0, "timestamp": "2022-11-12T18:44:12.0881900+00:00", "minigame_id": "TrainertextBuilder", "lesson_stamp": "0-15-2", "feedback_index": 0, "complexity_index": 0, "is_positive_review": true}, {"score": 0, "timestamp": "2022-11-12T18:47:05.9864580+00:00", "minigame_id": "SkeetShoot", "lesson_stamp": "0-15-3", "feedback_index": 0, "complexity_index": 0, "is_positive_review": true}, {"score": 0, "timestamp": "2022-11-12T18:50:15.0654280+00:00", "minigame_id": "FingerDance", "lesson_stamp": "0-15-9", "feedback_index": 0, "complexity_index": 0, "is_positive_review": true}, {"score": 0, "timestamp": "2022-11-13T15:39:56.9604680+00:00", "minigame_id": "CharacterFingerDance", "lesson_stamp": "0-16-7", "feedback_index": 0, "complexity_index": 0, "is_positive_review": true}, {"score": 0, "timestamp": "2022-11-13T15:42:04.7758370+00:00", "minigame_id": "FunPinball", "lesson_stamp": "0-16-9", "feedback_index": 0, "complexity_index": 0, "is_positive_review": true}, {"score": 0, "timestamp": "2022-11-14T15:32:46.2179460+00:00", "minigame_id": "CharacterSearch", "lesson_stamp": "0-17-1", "feedback_index": 0, "complexity_index": 0, "is_positive_review": true}, {"score": 0, "timestamp": "2022-11-14T15:34:30.9899060+00:00", "minigame_id": "SoundPicker", "lesson_stamp": "0-17-2", "feedback_index": 0, "complexity_index": 0, "is_positive_review": true}, {"score": 0, "timestamp": "2022-11-14T15:38:28.8236280+00:00", "minigame_id": "FunSkeetShoot", "lesson_stamp": "0-17-5", "feedback_index": 0, "complexity_index": 0, "is_positive_review": true}, {"score": 0, "timestamp": "2022-11-15T16:33:59.2969840+00:00", "minigame_id": "SoundSearch", "lesson_stamp": "0-18-1", "feedback_index": 0, "complexity_index": 0, "is_positive_review": true}, {"score": 0, "timestamp": "2022-11-15T16:36:15.6349360+00:00", "minigame_id": "RoomTidy", "lesson_stamp": "0-18-2", "feedback_index": 0, "complexity_index": 0, "is_positive_review": true}, {"score": 0, "timestamp": "2022-11-15T16:38:28.9738710+00:00", "minigame_id": "WordSnap", "lesson_stamp": "0-18-3", "feedback_index": 0, "complexity_index": 0, "is_positive_review": true}, {"score": 0, "timestamp": "2022-11-15T16:40:38.1558670+00:00", "minigame_id": "RabbitRun", "lesson_stamp": "0-18-5", "feedback_index": 0, "complexity_index": 0, "is_positive_review": true}, {"score": 0, "timestamp": "2022-11-16T07:18:13.9940080+00:00", "minigame_id": "PicturePicker", "lesson_stamp": "0-19-1", "feedback_index": 0, "complexity_index": 0, "is_positive_review": true}, {"score": 0, "timestamp": "2022-11-16T07:20:18.4950830+00:00", "minigame_id": "LetterFishing", "lesson_stamp": "0-19-2", "feedback_index": 0, "complexity_index": 0, "is_positive_review": true}, {"score": 0, "timestamp": "2022-11-16T07:22:45.0674930+00:00", "minigame_id": "FighterMission", "lesson_stamp": "0-19-3", "feedback_index": 0, "complexity_index": 0, "is_positive_review": true}, {"score": 0, "timestamp": "2022-11-16T07:25:28.7318580+00:00", "minigame_id": "LetterPaintball", "lesson_stamp": "0-19-8", "feedback_index": 0, "complexity_index": 0, "is_positive_review": true}, {"score": 0, "timestamp": "2022-11-16T07:27:23.9072250+00:00", "minigame_id": "MoleWhacker", "lesson_stamp": "0-19-10", "feedback_index": 0, "complexity_index": 0, "is_positive_review": true}, {"score": 0, "timestamp": "2022-11-17T07:24:44.2714060+00:00", "minigame_id": "TrainertextBuilder", "lesson_stamp": "0-20-1", "feedback_index": 0, "complexity_index": 0, "is_positive_review": true}, {"score": 0, "timestamp": "2022-11-17T07:26:57.6067600+00:00", "minigame_id": "LetterQuest", "lesson_stamp": "0-20-2", "feedback_index": 0, "complexity_index": 0, "is_positive_review": true}, {"score": 0, "timestamp": "2022-11-17T07:29:12.2833180+00:00", "minigame_id": "SkeetShoot", "lesson_stamp": "0-20-3", "feedback_index": 0, "complexity_index": 0, "is_positive_review": true}, {"score": 0, "timestamp": "2022-11-17T07:33:04.7326990+00:00", "minigame_id": "Fishing", "lesson_stamp": "0-20-10", "feedback_index": 0, "complexity_index": 0, "is_positive_review": true}, {"score": 0, "timestamp": "2022-11-18T18:18:24.7795920+00:00", "minigame_id": "CharacterSearch", "lesson_stamp": "0-21-8", "feedback_index": 1, "complexity_index": 0, "is_positive_review": true}, {"score": 0, "timestamp": "2022-11-18T18:21:13.5518380+00:00", "minigame_id": "FunFighterMission", "lesson_stamp": "0-21-10", "feedback_index": 0, "complexity_index": 0, "is_positive_review": true}, {"score": 0, "timestamp": "2022-11-19T09:09:31.2269080+00:00", "minigame_id": "CharacterSearch", "lesson_stamp": "0-22-1", "feedback_index": 0, "complexity_index": 0, "is_positive_review": true}, {"score": 0, "timestamp": "2022-11-19T09:11:18.5571800+00:00", "minigame_id": "SoundPicker", "lesson_stamp": "0-22-2", "feedback_index": 0, "complexity_index": 0, "is_positive_review": true}, {"score": 0, "timestamp": "2022-11-19T09:14:20.5523400+00:00", "minigame_id": "FunSkeetShoot", "lesson_stamp": "0-22-6", "feedback_index": 0, "complexity_index": 0, "is_positive_review": true}, {"score": 0, "timestamp": "2022-11-21T15:16:23.6553820+00:00", "minigame_id": "SoundSearch", "lesson_stamp": "0-23-1", "feedback_index": 0, "complexity_index": 0, "is_positive_review": true}, {"score": 0, "timestamp": "2022-11-21T15:27:55.5066500+00:00", "minigame_id": "SoundPicker", "lesson_stamp": "0-23-2", "feedback_index": 0, "complexity_index": 0, "is_positive_review": true}, {"score": 0, "timestamp": "2022-11-21T15:30:06.3099070+00:00", "minigame_id": "WordSnap", "lesson_stamp": "0-23-3", "feedback_index": 0, "complexity_index": 0, "is_positive_review": true}, {"score": 0, "timestamp": "2022-11-21T15:31:54.2603940+00:00", "minigame_id": "FunPinball", "lesson_stamp": "0-23-5", "feedback_index": 2, "complexity_index": 0, "is_positive_review": true}, {"score": 0, "timestamp": "2022-11-22T07:25:03.4511730+00:00", "minigame_id": "WordPicker", "lesson_stamp": "0-24-1", "feedback_index": 0, "complexity_index": 0, "is_positive_review": true}, {"score": 0, "timestamp": "2022-11-22T07:28:17.6551400+00:00", "minigame_id": "Pinball", "lesson_stamp": "0-24-2", "feedback_index": 0, "complexity_index": 0, "is_positive_review": true}, {"score": 0, "timestamp": "2022-11-22T07:30:30.5312030+00:00", "minigame_id": "SkeetShoot", "lesson_stamp": "0-24-3", "feedback_index": 0, "complexity_index": 0, "is_positive_review": true}, {"score": 0, "timestamp": "2022-11-22T15:27:54.0455450+00:00", "minigame_id": "LetterFingerDance", "lesson_stamp": "0-24-9", "feedback_index": 2, "complexity_index": 0, "is_positive_review": true}, {"score": 0, "timestamp": "2022-11-22T15:29:45.3171170+00:00", "minigame_id": "RabbitRun", "lesson_stamp": "0-24-11", "feedback_index": 0, "complexity_index": 0, "is_positive_review": true}, {"score": 0, "timestamp": "2022-11-23T17:18:23.4136870+00:00", "minigame_id": "PicturePicker", "lesson_stamp": "0-25-1", "feedback_index": 0, "complexity_index": 0, "is_positive_review": true}, {"score": 0, "timestamp": "2022-11-23T17:20:38.9206100+00:00", "minigame_id": "FighterMission", "lesson_stamp": "0-25-2", "feedback_index": 0, "complexity_index": 0, "is_positive_review": true}, {"score": 0, "timestamp": "2022-11-23T17:22:50.2482120+00:00", "minigame_id": "WordPaintball", "lesson_stamp": "0-25-3", "feedback_index": 0, "complexity_index": 0, "is_positive_review": true}, {"score": 60, "timestamp": "2022-11-23T17:24:11.7197980+00:00", "minigame_id": "Eggi", "lesson_stamp": "0-25-5", "feedback_index": 0, "complexity_index": 0, "is_positive_review": true}, {"score": 0, "timestamp": "2022-11-24T17:05:57.9879880+00:00", "minigame_id": "CharacterSearch", "lesson_stamp": "1-0-1", "feedback_index": 2, "complexity_index": 1, "is_positive_review": true}, {"score": 0, "timestamp": "2022-11-24T17:07:47.4395280+00:00", "minigame_id": "WordBuilder", "lesson_stamp": "1-0-2", "feedback_index": 0, "complexity_index": 0, "is_positive_review": true}, {"score": 0, "timestamp": "2022-11-24T17:10:12.0283410+00:00", "minigame_id": "FighterMission", "lesson_stamp": "1-0-3", "feedback_index": 0, "complexity_index": 1, "is_positive_review": true}, {"score": 0, "timestamp": "2022-11-24T17:12:37.0064160+00:00", "minigame_id": "MoleWhacker", "lesson_stamp": "1-0-5", "feedback_index": 0, "complexity_index": 1, "is_positive_review": true}, {"score": 0, "timestamp": "2022-11-25T07:09:32.9806660+00:00", "minigame_id": "CharacterPaintball", "lesson_stamp": "1-1-1", "feedback_index": 2, "complexity_index": 1, "is_positive_review": true}, {"score": 0, "timestamp": "2022-11-25T07:11:25.6385490+00:00", "minigame_id": "SoundSearch", "lesson_stamp": "1-1-2", "feedback_index": 0, "complexity_index": 1, "is_positive_review": true}, {"score": 0, "timestamp": "2022-11-25T07:13:25.5663430+00:00", "minigame_id": "WordBuilder", "lesson_stamp": "1-1-3", "feedback_index": 0, "complexity_index": 0, "is_positive_review": true}, {"score": 0, "timestamp": "2022-11-25T07:16:00.6607920+00:00", "minigame_id": "Fishing", "lesson_stamp": "1-1-5", "feedback_index": 0, "complexity_index": 1, "is_positive_review": true}, {"score": 0, "timestamp": "2022-11-27T11:10:54.6502400+00:00", "minigame_id": "SoundPicker", "lesson_stamp": "1-2-1", "feedback_index": 0, "complexity_index": 0, "is_positive_review": true}, {"score": 0, "timestamp": "2022-11-27T11:13:28.6040700+00:00", "minigame_id": "RoomTidy", "lesson_stamp": "1-2-2", "feedback_index": 0, "complexity_index": 0, "is_positive_review": true}, {"score": 0, "timestamp": "2022-11-27T11:15:48.9334570+00:00", "minigame_id": "WordSnap", "lesson_stamp": "1-2-3", "feedback_index": 0, "complexity_index": 0, "is_positive_review": true}, {"score": 0, "timestamp": "2022-11-27T11:18:24.2647180+00:00", "minigame_id": "Fishing", "lesson_stamp": "1-2-5", "feedback_index": 0, "complexity_index": 1, "is_positive_review": true}, {"score": 0, "timestamp": "2022-11-28T07:28:09.3686970+00:00", "minigame_id": "WordPicker", "lesson_stamp": "1-3-1", "feedback_index": 0, "complexity_index": 0, "is_positive_review": true}, {"score": 0, "timestamp": "2022-11-28T07:31:29.0865870+00:00", "minigame_id": "LetterQuest", "lesson_stamp": "1-3-2", "feedback_index": 0, "complexity_index": 1, "is_positive_review": true}, {"score": 0, "timestamp": "2022-11-28T07:34:09.5261900+00:00", "minigame_id": "WordPaintball", "lesson_stamp": "1-3-3", "feedback_index": 0, "complexity_index": 1, "is_positive_review": true}, {"score": 0, "timestamp": "2022-11-28T16:59:51.2888270+00:00", "minigame_id": "Fishing", "lesson_stamp": "1-3-5", "feedback_index": 0, "complexity_index": 1, "is_positive_review": true}, {"score": 0, "timestamp": "2022-11-29T15:20:02.6858480+00:00", "minigame_id": "PicturePicker", "lesson_stamp": "1-4-1", "feedback_index": 0, "complexity_index": 0, "is_positive_review": true}, {"score": 0, "timestamp": "2022-11-29T15:23:35.0387340+00:00", "minigame_id": "TrainertextBuilder", "lesson_stamp": "1-4-2", "feedback_index": 0, "complexity_index": 0, "is_positive_review": true}, {"score": 0, "timestamp": "2022-11-29T15:26:18.9939410+00:00", "minigame_id": "FighterMission", "lesson_stamp": "1-4-3", "feedback_index": 0, "complexity_index": 1, "is_positive_review": true}, {"score": 0, "timestamp": "2022-11-30T07:22:29.9672520+00:00", "minigame_id": "FingerDance", "lesson_stamp": "1-4-10", "feedback_index": 0, "complexity_index": 0, "is_positive_review": true}, {"score": 0, "timestamp": "2022-11-30T07:25:20.5295470+00:00", "minigame_id": "CharacterSearch", "lesson_stamp": "1-5-6", "feedback_index": 0, "complexity_index": 0, "is_positive_review": true}, {"score": 0, "timestamp": "2022-11-30T07:27:24.8923460+00:00", "minigame_id": "CharacterFingerDance", "lesson_stamp": "1-5-8", "feedback_index": 0, "complexity_index": 0, "is_positive_review": true}, {"score": 0, "timestamp": "2022-11-30T17:02:30.2520810+00:00", "minigame_id": "FingerDance", "lesson_stamp": "1-5-10", "feedback_index": 0, "complexity_index": 0, "is_positive_review": true}, {"score": 0, "timestamp": "2022-12-01T19:19:37.4789590+00:00", "minigame_id": "CharacterPaintball", "lesson_stamp": "1-6-1", "feedback_index": 0, "complexity_index": 1, "is_positive_review": true}, {"score": 0, "timestamp": "2022-12-01T19:21:17.5251400+00:00", "minigame_id": "SoundPicker", "lesson_stamp": "1-6-2", "feedback_index": 0, "complexity_index": 1, "is_positive_review": true}, {"score": 0, "timestamp": "2022-12-01T19:25:15.0629360+00:00", "minigame_id": "FunPinball", "lesson_stamp": "1-6-6", "feedback_index": 0, "complexity_index": 1, "is_positive_review": true}, {"score": 0, "timestamp": "2022-12-09T06:53:52.8846000+00:00", "minigame_id": "SoundSearch", "lesson_stamp": "1-7-1", "feedback_index": 2, "complexity_index": 1, "is_positive_review": true}, {"score": 0, "timestamp": "2022-12-09T06:55:45.4817450+00:00", "minigame_id": "RoomTidy", "lesson_stamp": "1-7-2", "feedback_index": 0, "complexity_index": 1, "is_positive_review": true}, {"score": 0, "timestamp": "2022-12-09T06:58:06.1154980+00:00", "minigame_id": "WordPicker", "lesson_stamp": "1-7-3", "feedback_index": 0, "complexity_index": 0, "is_positive_review": true}, {"score": 0, "timestamp": "2022-12-09T07:00:23.5257750+00:00", "minigame_id": "FunFighterMission", "lesson_stamp": "1-7-5", "feedback_index": 0, "complexity_index": 1, "is_positive_review": true}, {"score": 0, "timestamp": "2022-12-10T18:40:48.3701760+00:00", "minigame_id": "WordSnap", "lesson_stamp": "1-8-1", "feedback_index": 0, "complexity_index": 0, "is_positive_review": true}, {"score": 0, "timestamp": "2022-12-10T18:43:23.0992890+00:00", "minigame_id": "TrainertextBuilder", "lesson_stamp": "1-8-2", "feedback_index": 0, "complexity_index": 0, "is_positive_review": true}, {"score": 0, "timestamp": "2022-12-10T18:45:35.3807460+00:00", "minigame_id": "SkeetShoot", "lesson_stamp": "1-8-3", "feedback_index": 0, "complexity_index": 1, "is_positive_review": true}, {"score": 0, "timestamp": "2022-12-10T18:48:32.4904430+00:00", "minigame_id": "LetterPaintball", "lesson_stamp": "1-8-9", "feedback_index": 0, "complexity_index": 1, "is_positive_review": true}, {"score": 0, "timestamp": "2022-12-10T18:50:26.1496810+00:00", "minigame_id": "MoleWhacker", "lesson_stamp": "1-8-11", "feedback_index": 0, "complexity_index": 1, "is_positive_review": true}, {"score": 0, "timestamp": "2022-12-12T18:27:08.9180770+00:00", "minigame_id": "LetterFishing", "lesson_stamp": "1-9-1", "feedback_index": 0, "complexity_index": 1, "is_positive_review": true}, {"score": 0, "timestamp": "2022-12-12T18:29:28.1083470+00:00", "minigame_id": "Pinball", "lesson_stamp": "1-9-2", "feedback_index": 1, "complexity_index": 1, "is_positive_review": true}, {"score": 0, "timestamp": "2022-12-12T18:31:56.3265200+00:00", "minigame_id": "FighterMission", "lesson_stamp": "1-9-3", "feedback_index": 1, "complexity_index": 1, "is_positive_review": true}, {"score": 0, "timestamp": "2022-12-12T18:34:55.0410700+00:00", "minigame_id": "MoleWhacker", "lesson_stamp": "1-9-9", "feedback_index": 1, "complexity_index": 1, "is_positive_review": true}, {"score": 0, "timestamp": "2022-12-15T19:19:46.7094380+00:00", "minigame_id": "CharacterPaintball", "lesson_stamp": "1-10-7", "feedback_index": 0, "complexity_index": 1, "is_positive_review": true}, {"timestamp": "2022-12-15T19:23:19.9564270+00:00", "minigame_id": "Fishing", "lesson_stamp": "1-10-9"}, {"score": 0, "timestamp": "2022-12-17T18:13:53.1145110+00:00", "minigame_id": "CharacterFingerDance", "lesson_stamp": "1-11-1", "feedback_index": 0, "complexity_index": 0, "is_positive_review": true}, {"score": 0, "timestamp": "2022-12-17T18:15:35.6049940+00:00", "minigame_id": "SoundSearch", "lesson_stamp": "1-11-2", "feedback_index": 0, "complexity_index": 1, "is_positive_review": true}, {"score": 0, "timestamp": "2022-12-17T18:19:05.1198000+00:00", "minigame_id": "FunPinball", "lesson_stamp": "1-11-5", "feedback_index": 0, "complexity_index": 1, "is_positive_review": true}, {"score": 0, "timestamp": "2022-12-18T10:51:40.6804410+00:00", "minigame_id": "RoomTidy", "lesson_stamp": "1-12-1", "feedback_index": 0, "complexity_index": 0, "is_positive_review": true}, {"score": 0, "timestamp": "2022-12-18T10:53:50.0635560+00:00", "minigame_id": "WordPicker", "lesson_stamp": "1-12-2", "feedback_index": 0, "complexity_index": 0, "is_positive_review": true}, {"score": 0, "timestamp": "2022-12-18T10:56:01.0010290+00:00", "minigame_id": "WordSnap", "lesson_stamp": "1-12-3", "feedback_index": 0, "complexity_index": 0, "is_positive_review": true}, {"score": 0, "timestamp": "2022-12-18T10:58:11.2622240+00:00", "minigame_id": "FingerDance", "lesson_stamp": "1-12-5", "feedback_index": 0, "complexity_index": 0, "is_positive_review": true}, {"score": 0, "timestamp": "2022-12-22T16:38:23.7106210+00:00", "minigame_id": "PicturePicker", "lesson_stamp": "1-13-1", "feedback_index": 0, "complexity_index": 0, "is_positive_review": true}, {"score": 0, "timestamp": "2022-12-22T16:40:34.1695340+00:00", "minigame_id": "LetterFishing", "lesson_stamp": "1-13-2", "feedback_index": 0, "complexity_index": 1, "is_positive_review": true}, {"score": 0, "timestamp": "2022-12-22T16:42:52.8673620+00:00", "minigame_id": "SkeetShoot", "lesson_stamp": "1-13-3", "feedback_index": 0, "complexity_index": 1, "is_positive_review": true}, {"score": 0, "timestamp": "2022-12-22T16:45:21.5815450+00:00", "minigame_id": "LetterPaintball", "lesson_stamp": "1-13-8", "feedback_index": 0, "complexity_index": 1, "is_positive_review": true}, {"score": 0, "timestamp": "2022-12-22T16:47:13.8823730+00:00", "minigame_id": "RabbitRun", "lesson_stamp": "1-13-10", "feedback_index": 0, "complexity_index": 1, "is_positive_review": true}, {"score": 0, "timestamp": "2022-12-23T14:09:50.4820200+00:00", "minigame_id": "WordBuilder", "lesson_stamp": "1-14-1", "feedback_index": 0, "complexity_index": 0, "is_positive_review": true}, {"score": 0, "timestamp": "2022-12-23T14:12:45.4567760+00:00", "minigame_id": "LetterQuest", "lesson_stamp": "1-14-2", "feedback_index": 0, "complexity_index": 1, "is_positive_review": true}, {"score": 0, "timestamp": "2022-12-23T14:15:33.3909410+00:00", "minigame_id": "FighterMission", "lesson_stamp": "1-14-3", "feedback_index": 0, "complexity_index": 1, "is_positive_review": true}, {"score": 0, "timestamp": "2022-12-23T14:19:06.2426360+00:00", "minigame_id": "MoleWhacker", "lesson_stamp": "1-14-11", "feedback_index": 0, "complexity_index": 1, "is_positive_review": true}, {"score": 0, "timestamp": "2022-12-25T16:08:22.8129720+00:00", "minigame_id": "CharacterSearch", "lesson_stamp": "1-15-9", "feedback_index": 0, "complexity_index": 1, "is_positive_review": true}, {"score": 0, "timestamp": "2022-12-25T16:10:18.7353880+00:00", "minigame_id": "FunPaintball", "lesson_stamp": "1-15-11", "feedback_index": 0, "complexity_index": 0, "is_positive_review": true}, {"score": 0, "timestamp": "2022-12-26T18:18:13.5939100+00:00", "minigame_id": "CharacterFingerDance", "lesson_stamp": "1-16-1", "feedback_index": 0, "complexity_index": 0, "is_positive_review": true}, {"score": 0, "timestamp": "2022-12-26T18:19:56.6534500+00:00", "minigame_id": "SoundPicker", "lesson_stamp": "1-16-2", "feedback_index": 0, "complexity_index": 0, "is_positive_review": true}, {"score": 0, "timestamp": "2022-12-26T18:25:15.3954610+00:00", "minigame_id": "FunSkeetShoot", "lesson_stamp": "1-16-5", "feedback_index": 0, "complexity_index": 1, "is_positive_review": true}, {"score": 0, "timestamp": "2022-12-27T18:38:51.0758110+00:00", "minigame_id": "SoundSearch", "lesson_stamp": "1-17-1", "feedback_index": 0, "complexity_index": 1, "is_positive_review": true}, {"score": 0, "timestamp": "2022-12-27T18:41:22.2052910+00:00", "minigame_id": "RoomTidy", "lesson_stamp": "1-17-2", "feedback_index": 0, "complexity_index": 1, "is_positive_review": true}, {"score": 0, "timestamp": "2022-12-27T18:43:35.9401460+00:00", "minigame_id": "WordPicker", "lesson_stamp": "1-17-3", "feedback_index": 0, "complexity_index": 0, "is_positive_review": true}, {"score": 0, "timestamp": "2022-12-27T18:46:02.2631640+00:00", "minigame_id": "FunFighterMission", "lesson_stamp": "1-17-5", "feedback_index": 0, "complexity_index": 1, "is_positive_review": true}], "level_session_directory": {"0": {"best_score": 72, "best_dtt_rating": 0, "best_fast_correct_reading_rating": 1}, "1": {"best_score": 0, "best_dtt_rating": 0, "best_fast_correct_reading_rating": 1}}, "minigame_session_directory": {"Eggi": {"complexity_sessions": [{"best_score": 72, "gaming_adaptiveness": 0, "gaming_adaptiveness_up_step": 0}], "introduced_in_level": 0, "literacy_adaptiveness": null}, "Fishing": {"complexity_sessions": [{"best_score": 0, "gaming_adaptiveness": 0.852999985218048, "gaming_adaptiveness_up_step": 0.100000001490116}, {"best_score": 0, "gaming_adaptiveness": 0.769660115242004, "gaming_adaptiveness_up_step": 0.100000001490116}], "introduced_in_level": 0, "literacy_adaptiveness": null}, "Pinball": {"complexity_sessions": [{"best_score": 0, "gaming_adaptiveness": 0.11999998986721, "gaming_adaptiveness_up_step": 0.0240000002086163}, {"best_score": 0, "gaming_adaptiveness": 0.15999998152256, "gaming_adaptiveness_up_step": 0.0199999995529652}], "introduced_in_level": 0, "literacy_adaptiveness": null}, "RoomTidy": {"complexity_sessions": [{"best_score": 0, "gaming_adaptiveness": 0.800000011920929, "gaming_adaptiveness_up_step": 0.100000001490116}, {"best_score": 0, "gaming_adaptiveness": 0.590000092983246, "gaming_adaptiveness_up_step": 0.0720000043511391}], "introduced_in_level": 0, "literacy_adaptiveness": null}, "WordSnap": {"complexity_sessions": [{"best_score": 0, "gaming_adaptiveness": 0, "gaming_adaptiveness_up_step": 0}], "introduced_in_level": 0, "literacy_adaptiveness": null}, "RabbitRun": {"complexity_sessions": [{"best_score": 0, "gaming_adaptiveness": 0.864000201225281, "gaming_adaptiveness_up_step": 0.041472002863884}, {"best_score": 0, "gaming_adaptiveness": 0.19999997317791, "gaming_adaptiveness_up_step": 0.0240000002086163}], "introduced_in_level": 0, "literacy_adaptiveness": null}, "FunPinball": {"complexity_sessions": [{"best_score": 0, "gaming_adaptiveness": 0.0240000002086163, "gaming_adaptiveness_up_step": 0.0192000009119511}, {"best_score": 0, "gaming_adaptiveness": 0.096000000834465, "gaming_adaptiveness_up_step": 0.0288000013679266}], "introduced_in_level": 0, "literacy_adaptiveness": null}, "SkeetShoot": {"complexity_sessions": [{"best_score": 0, "gaming_adaptiveness": 0.87200003862381, "gaming_adaptiveness_up_step": 0.0864000096917152}, {"best_score": 0, "gaming_adaptiveness": 0.590000033378601, "gaming_adaptiveness_up_step": 0.0720000043511391}], "introduced_in_level": 0, "literacy_adaptiveness": null}, "WordPicker": {"complexity_sessions": [{"best_score": 0, "gaming_adaptiveness": 0, "gaming_adaptiveness_up_step": 0}], "introduced_in_level": 0, "literacy_adaptiveness": null}, "FingerDance": {"complexity_sessions": [{"best_score": 0, "gaming_adaptiveness": 0.600000023841858, "gaming_adaptiveness_up_step": 0.100000001490116}], "introduced_in_level": 0, "literacy_adaptiveness": null}, "LetterQuest": {"complexity_sessions": [{"best_score": 0, "gaming_adaptiveness": 0.0999999940395355, "gaming_adaptiveness_up_step": 0.0240000002086163}, {"best_score": 0, "gaming_adaptiveness": 0.13400000333786, "gaming_adaptiveness_up_step": 0.0288000013679266}], "introduced_in_level": 0, "literacy_adaptiveness": null}, "MoleWhacker": {"complexity_sessions": [{"best_score": 0, "gaming_adaptiveness": 0.745000123977661, "gaming_adaptiveness_up_step": 0.0600000023841858}, {"best_score": 0, "gaming_adaptiveness": 0.370400041341782, "gaming_adaptiveness_up_step": 0.0864000096917152}], "introduced_in_level": 0, "literacy_adaptiveness": null}, "SoundPicker": {"complexity_sessions": [{"best_score": 0, "gaming_adaptiveness": 0, "gaming_adaptiveness_up_step": 0}, {"best_score": 0, "gaming_adaptiveness": 0, "gaming_adaptiveness_up_step": 0}], "introduced_in_level": 0, "literacy_adaptiveness": null}, "SoundSearch": {"complexity_sessions": [{"best_score": 0, "gaming_adaptiveness": 1, "gaming_adaptiveness_up_step": 0.0691200122237206}, {"best_score": 0, "gaming_adaptiveness": 1, "gaming_adaptiveness_up_step": 0.0691200122237206}], "introduced_in_level": 0, "literacy_adaptiveness": null}, "WordBuilder": {"complexity_sessions": [{"best_score": 0, "gaming_adaptiveness": 1, "gaming_adaptiveness_up_step": 0.100000001490116}], "introduced_in_level": 0, "literacy_adaptiveness": null}, "FunPaintball": {"complexity_sessions": [{"best_score": 0, "gaming_adaptiveness": 1, "gaming_adaptiveness_up_step": 0.0600000023841858}], "introduced_in_level": 1, "literacy_adaptiveness": null}, "FunSkeetShoot": {"complexity_sessions": [{"best_score": 0, "gaming_adaptiveness": 1, "gaming_adaptiveness_up_step": 0.0864000096917152}, {"best_score": 0, "gaming_adaptiveness": 1, "gaming_adaptiveness_up_step": 0.0600000023841858}], "introduced_in_level": 0, "literacy_adaptiveness": null}, "LetterFishing": {"complexity_sessions": [{"best_score": 0, "gaming_adaptiveness": 0.749999940395355, "gaming_adaptiveness_up_step": 0.096000000834465}, {"best_score": 0, "gaming_adaptiveness": 0.804000079631805, "gaming_adaptiveness_up_step": 0.100000001490116}], "introduced_in_level": 0, "literacy_adaptiveness": null}, "PicturePicker": {"complexity_sessions": [{"best_score": 0, "gaming_adaptiveness": 0, "gaming_adaptiveness_up_step": 0}], "introduced_in_level": 0, "literacy_adaptiveness": null}, "WordPaintball": {"complexity_sessions": [{"best_score": 0, "gaming_adaptiveness": 1, "gaming_adaptiveness_up_step": 0.0720000043511391}, {"best_score": 0, "gaming_adaptiveness": 0.550000071525574, "gaming_adaptiveness_up_step": 0.0600000023841858}], "introduced_in_level": 0, "literacy_adaptiveness": null}, "FighterMission": {"complexity_sessions": [{"best_score": 0, "gaming_adaptiveness": 1, "gaming_adaptiveness_up_step": 0.100000001490116}, {"best_score": 0, "gaming_adaptiveness": 0.459999978542328, "gaming_adaptiveness_up_step": 0.100000001490116}], "introduced_in_level": 0, "literacy_adaptiveness": null}, "CharacterSearch": {"complexity_sessions": [{"best_score": 0, "gaming_adaptiveness": 0.962000250816345, "gaming_adaptiveness_up_step": 0.100000001490116}, {"best_score": 0, "gaming_adaptiveness": 1, "gaming_adaptiveness_up_step": 0.0480000041425228}], "introduced_in_level": 0, "literacy_adaptiveness": null}, "LetterPaintball": {"complexity_sessions": [{"best_score": 0, "gaming_adaptiveness": 1, "gaming_adaptiveness_up_step": 0.0720000043511391}, {"best_score": 0, "gaming_adaptiveness": 1, "gaming_adaptiveness_up_step": 0.0720000043511391}], "introduced_in_level": 0, "literacy_adaptiveness": null}, "FunFighterMission": {"complexity_sessions": [{"best_score": 0, "gaming_adaptiveness": 0.600000023841858, "gaming_adaptiveness_up_step": 0.100000001490116}, {"best_score": 0, "gaming_adaptiveness": 0.369999974966049, "gaming_adaptiveness_up_step": 0.100000001490116}], "introduced_in_level": 0, "literacy_adaptiveness": null}, "LetterFingerDance": {"complexity_sessions": [{"best_score": 0, "gaming_adaptiveness": 0.600000023841858, "gaming_adaptiveness_up_step": 0.0800000056624413}], "introduced_in_level": 0, "literacy_adaptiveness": null}, "CharacterPaintball": {"complexity_sessions": [{"best_score": 0, "gaming_adaptiveness": 0.850000023841858, "gaming_adaptiveness_up_step": 0.0500000007450581}, {"best_score": 0, "gaming_adaptiveness": 0.85099983215332, "gaming_adaptiveness_up_step": 0.0576000064611435}], "introduced_in_level": 0, "literacy_adaptiveness": null}, "TrainertextBuilder": {"complexity_sessions": [{"best_score": 0, "gaming_adaptiveness": 1, "gaming_adaptiveness_up_step": 0.100000001490116}], "introduced_in_level": 0, "literacy_adaptiveness": null}, "CharacterFingerDance": {"complexity_sessions": [{"best_score": 0, "gaming_adaptiveness": 0.700000047683716, "gaming_adaptiveness_up_step": 0.100000001490116}], "introduced_in_level": 0, "literacy_adaptiveness": null}}, "current_lesson_start_timestamp": "2022-12-27T18:36:45.1706930+00:00", "last_completed_lesson_activity": "1-17-7", "randomized_lesson_matrix_directory": {}, "last_completed_lesson_activity_timestamp": "2022-12-27T18:46:18.8165410+00:00"}