{
    "book_session": {
        "books.amap.xml": {
            "read_count": 1,
            "last_feedback_value": 5,
            "last_started_timestamp": "2022-10-22T15:47:23.7808160+01:00"
        },
        "books.sidsat.xml": {
            "read_count": 1,
            "last_feedback_value": 5,
            "last_started_timestamp": "2022-10-21T07:59:28.8123140+01:00"
        },
        "books.topdog.xml": {
            "read_count": 1,
            "last_feedback_value": 5,
            "last_started_timestamp": "2022-10-30T13:50:01.5987610+00:00"
        },
        "books.theseed.xml": {
            "read_count": 1,
            "last_feedback_value": 5,
            "last_started_timestamp": "2022-11-16T07:32:50.4824800+00:00"
        },
        "books.henishot.xml": {
            "read_count": 1,
            "last_feedback_value": 1,
            "last_started_timestamp": "2022-11-02T18:29:56.4458770+00:00"
        },
        "books.natcooks.xml": {
            "read_count": 1,
            "last_feedback_value": 5,
            "last_started_timestamp": "2022-11-07T15:53:36.3404490+00:00"
        },
        "books.natspets.xml": {
            "read_count": 1,
            "last_feedback_value": 5,
            "last_started_timestamp": "2022-12-18T11:05:38.5911240+00:00"
        },
        "books.sitandtip.xml": {
            "read_count": 1,
            "last_feedback_value": 5,
            "last_started_timestamp": "2022-10-23T11:36:13.4662200+01:00"
        },
        "books.jillandval.xml": {
            "read_count": 1,
            "last_feedback_value": 5,
            "last_started_timestamp": "2022-12-23T14:24:44.8903250+00:00"
        },
        "books.natandshep.xml": {
            "read_count": 1,
            "last_feedback_value": 4,
            "last_started_timestamp": "2022-11-19T16:33:52.6877060+00:00"
        },
        "books.tessisamess.xml": {
            "read_count": 1,
            "last_feedback_value": 3,
            "last_started_timestamp": "2022-11-02T18:25:51.3648470+00:00"
        },
        "books.pimandsamnap.xml": {
            "read_count": 1,
            "last_feedback_value": 5,
            "last_started_timestamp": "2022-10-21T08:02:48.6834930+01:00"
        },
        "books.dadpacksasack.xml": {
            "read_count": 1,
            "last_feedback_value": 5,
            "last_started_timestamp": "2022-10-30T13:54:02.2732440+00:00"
        },
        "books.pimgetsajacket.xml": {
            "read_count": 1,
            "last_feedback_value": 5,
            "last_started_timestamp": "2022-11-25T07:27:25.2663970+00:00"
        },
        "books.thezudinthemud.xml": {
            "read_count": 1,
            "last_feedback_value": 5,
            "last_started_timestamp": "2022-11-17T17:15:53.9978020+00:00"
        },
        "books.asharkinthepool.xml": {
            "read_count": 1,
            "last_feedback_value": 3,
            "last_started_timestamp": "2022-11-11T19:24:19.1793500+00:00"
        },
        "books.theoononthemoon.xml": {
            "read_count": 1,
            "last_feedback_value": 5,
            "last_started_timestamp": "2022-11-14T15:46:17.0673540+00:00"
        },
        "books.thepingpongsong.xml": {
            "read_count": 1,
            "last_feedback_value": 5,
            "last_started_timestamp": "2022-11-25T07:21:04.1081850+00:00"
        },
        "books.timandthebigrats.xml": {
            "read_count": 1,
            "last_feedback_value": 5,
            "last_started_timestamp": "2022-11-17T17:10:38.0651310+00:00"
        },
        "books.timandthebigsack.xml": {
            "read_count": 1,
            "last_feedback_value": 2,
            "last_started_timestamp": "2022-11-04T18:26:57.6014790+00:00"
        },
        "books.baddogbenandthejam.xml": {
            "read_count": 1,
            "last_feedback_value": 5,
            "last_started_timestamp": "2022-11-27T11:23:50.9087120+00:00"
        }
    },
    "session_version": 1,
    "last_session_timestamp": "2022-12-23T14:24:44.8902960+00:00"
}